taille,temps
595,0.3170812129974365
3294,8.710958242416382
1003,0.9355719089508057
4611,21.025380849838257
2299,3.5479371547698975
3425,8.777209758758545
4627,23.43734049797058
4898,24.695754051208496
2323,4.084706544876099
1982,3.3610951900482178
3491,13.739581823348999
4402,23.942927360534668
2448,4.768927097320557
2411,5.299028635025024
2508,5.640176773071289
1928,2.628096342086792
3484,13.452028274536133
366,0.28748250007629395
1700,2.849454164505005
4295,16.81355929374695
